{"learner":{"attributes":{},"feature_names":[],"feature_types":[],"gradient_booster":{"model":{"gbtree_model_param":{"num_parallel_tree":"1","num_trees":"3"},"iteration_indptr":[0,1,2,3],"tree_info":[0,0,0],"trees":[{"base_weights":[-3.6776195E-9,-3.7759897E-1,4.5354065E-2,-5.392998E-1,8.876844E-2,8.941201E-2,-2.0350374E-1,-6.145439E-1,7.429981E-2,6.502596E-1,-1.9752519E-1,4.3908417E-2,3.6192885E-1,-2.3293029E-1,1.4725688E-1,-3.5763048E-2,-7.5555634E-1,-2.3480759E-3,7.498627E-1,-6.10783E-1,4.5844994E-2,6.287848E-2,-8.44778E-1,4.8513833E-1,-3.1517318E-1,-4.3749356E-1,-2.4053486E-2,8.838148E-1,-4.000179E-1,-2.7955E-1,-9.573371E-1,8.180891E-2,1.7025208E-2,-1.3361111E-1,-8.159661E-2,4.4513285E-1,-1.5952957E-1,1.01503015E-1,-3.963942E-1,1.02213755E-1,-1.2126767E-1,-1.1844804E-1,6.2794924E-1,2.0563753E-1,-7.314859E-1,-2.65747E-1,-7.6622295E-1,1.8603426E-1,-4.545642E-1,2.0219661E-2,1.04362205E-1,-6.2344205E-2,9.097887E-3,2.6527777E-2,-4.8326574E-2,-1.491966E-1,-7.05192E-2,-1.6253402E-2,-3.7882656E-3,2.0251753E-2,5.8648944E-2,-2.104002E-2,9.828248E-3,1.1852174E-2,-6.256052E-2,-6.5615565E-2,-6.354856E-4,2.320116E-2,-1.4358989E-2,3.4879576E-2,-7.02269E-2,1.2407817E-1,4.8056718E-2,4.5660816E-2,-2.8119266E-2,-3.4918953E-2,-1.2522501E-1,-1.8915629E-2,-1.0707231E-1,-1.5345131E-1,-3.5268735E-2,-9.6183196E-2,2.7910754E-2,-8.215176E-2,2.3943638E-2],"categories":[],"categories_nodes":[],"categories_segments":[],"categories_sizes":[],"default_left":[0,0,0,0,0,0,0,0,0,0,0,0,0,0,0,0,0,0,0,0,0,0,0,0,0,0,0,0,0,0,0,0,0,0,0,0,0,0,0,0,0,0,0,0,0,0,0,0,0,0,0,0,0,0,0,0,0,0,0,0,0,0,0,0,0,0,0,0,0,0,0,0,0,0,0,0,0,0,0,0,0,0,0,0,0],"id":0,"left_children":[1,3,5,7,9,11,13,15,-1,17,19,21,23,25,-1,27,29,-1,31,33,35,37,39,41,43,45,47,49,51,53,55,-1,-1,57,-1,59,61,63,65,67,-1,69,71,73,75,77,79,81,83,-1,-1,-1,-1,-1,-1,-1,-1,-1,-1,-1,-1,-1,-1,-1,-1,-1,-1,-1,-1,-1,-1,-1,-1,-1,-1,-1,-1,-1,-1,-1,-1,-1,-1,-1,-1],"loss_changes":[1.3734772E1,6.5333033E0,7.8685374E0,6.63167E0,3.8257236E0,7.53601E0,5.669678E0,4.9515114E0,0E0,5.544598E-1,1.6371953E0,8.870081E0,7.4109106E0,4.5614276E0,0E0,4.7080307E0,4.438772E0,0E0,1.3753223E-1,4.784236E-1,9.7305113E-1,9.140442E0,3.9563189E0,6.453085E0,3.1859026E0,2.8451185E0,4.9685965E0,2.2469306E-1,1.1537257E0,1.9040395E0,3.5312176E0,0E0,0E0,2.1490157E-3,0E0,1.840669E-2,1.2559915E-1,5.9396386E0,4.048517E0,1.6093364E-1,0E0,4.336749E0,4.822954E0,9.836553E-1,1.1554174E0,2.0786524E0,5.1776724E0,4.221374E0,4.7806854E0,0E0,0E0,0E0,0E0,0E0,0E0,0E0,0E0,0E0,0E0,0E0,0E0,0E0,0E0,0E0,0E0,0E0,0E0,0E0,0E0,0E0,0E0,0E0,0E0,0E0,0E0,0E0,0E0,0E0,0E0,0E0,0E0,0E0,0E0,0E0,0E0],"parents":[2147483647,0,0,1,1,2,2,3,3,4,4,5,5,6,6,7,7,9,9,10,10,11,11,12,12,13,13,15,15,16,16,18,18,19,19,20,20,21,21,22,22,23,23,24,24,25,25,26,26,27,27,28,28,29,29,30,30,33,33,35,35,36,36,37,37,38,38,39,39,41,41,42,42,43,43,44,44,45,45,46,46,47,47,48,48],"right_children":[2,4,6,8,10,12,14,16,-1,18,20,22,24,26,-1,28,30,-1,32,34,36,38,40,42,44,46,48,50,52,54,56,-1,-1,58,-1,60,62,64,66,68,-1,70,72,74,76,78,80,82,84,-1,-1,-1,-1,-1,-1,-1,-1,-1,-1,-1,-1,-1,-1,-1,-1,-1,-1,-1,-1,-1,-1,-1,-1,-1,-1,-1,-1,-1,-1,-1,-1,-1,-1,-1,-1],"split_conditions":[-1.2363269E0,9.176163E-1,9.9373674E-1,1.6281686E0,-5.4365885E-1,1.1537294E0,2.0934792E0,-9.5297784E-1,7.429981E-2,-1.8304737E0,3.845482E-1,2.2840455E0,9.252332E-1,-1.5159899E-1,1.4725688E-1,-9.766995E-1,-4.9699825E-1,-2.3480759E-3,2.0353836E-1,-1.743428E-1,5.9282494E-1,8.8721E-1,-1.0383592E0,-8.786154E-1,-3.346444E-1,4.206892E-2,3.4874034E-1,-1.2772158E0,4.206892E-2,-7.407313E-1,-4.3534726E-1,8.180891E-2,1.7025208E-2,-3.0971235E-1,-8.159661E-2,-7.607808E-1,2.3056554E-2,1.8915027E0,1.9601645E-1,-3.966448E-1,-1.2126767E-1,1.6242449E0,-9.317206E-1,1.6981946E0,2.530191E-1,1.6276275E0,-9.030767E-1,-1.2715129E0,2.2228937E-1,2.0219661E-2,1.04362205E-1,-6.2344205E-2,9.097887E-3,2.6527777E-2,-4.8326574E-2,-1.491966E-1,-7.05192E-2,-1.6253402E-2,-3.7882656E-3,2.0251753E-2,5.8648944E-2,-2.104002E-2,9.828248E-3,1.1852174E-2,-6.256052E-2,-6.5615565E-2,-6.354856E-4,2.320116E-2,-1.4358989E-2,3.4879576E-2,-7.02269E-2,1.2407817E-1,4.8056718E-2,4.5660816E-2,-2.8119266E-2,-3.4918953E-2,-1.2522501E-1,-1.8915629E-2,-1.0707231E-1,-1.5345131E-1,-3.5268735E-2,-9.6183196E-2,2.7910754E-2,-8.215176E-2,2.3943638E-2],"split_indices":[5,9,8,7,4,4,7,6,0,2,4,1,9,0,0,1,9,0,0,3,4,4,7,7,2,2,7,1,2,8,8,0,0,0,0,3,0,6,7,0,0,4,3,4,7,5,7,4,6,0,0,0,0,0,0,0,0,0,0,0,0,0,0,0,0,0,0,0,0,0,0,0,0,0,0,0,0,0,0,0,0,0,0,0,0],"split_type":[0,0,0,0,0,0,0,0,0,0,0,0,0,0,0,0,0,0,0,0,0,0,0,0,0,0,0,0,0,0,0,0,0,0,0,0,0,0,0,0,0,0,0,0,0,0,0,0,0,0,0,0,0,0,0,0,0,0,0,0,0,0,0,0,0,0,0,0,0,0,0,0,0,0,0,0,0,0,0,0,0,0,0,0,0],"sum_hessian":[8E2,8.5E1,7.15E2,6.3E1,2.2E1,6.08E2,1.07E2,6E1,3E0,7E0,1.5E1,5.22E2,8.6E1,1.06E2,1E0,1.2E1,4.8E1,1E0,6E0,5E0,1E1,5.12E2,1E1,7.3E1,1.3E1,5.3E1,5.3E1,3E0,9E0,1.5E1,3.3E1,5E0,1E0,2E0,3E0,3E0,7E0,4.73E2,3.9E1,3E0,7E0,1.4E1,5.9E1,6E0,7E0,3.6E1,1.7E1,3.6E1,1.7E1,1E0,2E0,6E0,3E0,4E0,1.1E1,9E0,2.4E1,1E0,1E0,2E0,1E0,6E0,1E0,4.63E2,1E1,2.3E1,1.6E1,2E0,1E0,8E0,6E0,1E1,4.9E1,4E0,2E0,5E0,2E0,3.4E1,2E0,5E0,1.2E1,2E0,3.4E1,1.1E1,6E0],"tree_param":{"num_deleted":"0","num_feature":"10","num_nodes":"85","size_leaf_vector":"1"}},{"base_weights":[-7.022119E-4,-3.402268E-1,4.0079653E-2,-4.8686793E-1,8.2610585E-2,2.054372E-3,3.1497446E-1,-5.5587935E-1,6.872733E-2,5.9729445E-1,-1.798945E-1,1.514159E-1,-6.879246E-2,-4.641397E-3,5.103812E-1,-2.66994E-2,-6.8492955E-1,-2.2306722E-3,6.8899554E-1,-5.6664443E-1,4.7414035E-2,-3.4011498E-1,2.2875367E-1,-2.285015E-1,5.966644E-2,2.6339513E-1,-5.8902645E-1,6.988831E-1,-7.811596E-2,8.265788E-1,-3.6534074E-1,-2.5295737E-1,-8.680656E-1,7.49915E-2,1.6173948E-2,-1.2693055E-1,-7.547688E-2,4.2034474E-1,-1.4497808E-1,-4.6077093E-1,8.189418E-2,2.8984514E-1,-2.9130974E-1,-1.22533105E-1,-6.973168E-1,3.0438828E-1,-6.383931E-2,4.015249E-1,-1.294236E-1,-1.2064078E-1,-8.3944094E-1,5.120814E-1,1.3061693E0,4.378591E-1,-6.566423E-1,1.9208679E-2,9.740472E-2,-3.136466E-3,-6.930439E-2,3.3061218E-2,-4.13059E-2,-1.0859417E-1,-3.7813086E-2,-1.5440731E-2,-3.5988525E-3,1.8901637E-2,5.5716496E-2,-1.923659E-2,9.336836E-3,4.1818336E-2,-5.5144142E-2,2.3561655E-2,7.257637E-2,4.291872E-2,-6.568612E-2,7.97548E-3,-3.2843694E-2,1.0258206E-2,-9.3812324E-2,1.6906712E-2,9.888076E-2,-1.3568086E-2,6.8992525E-2,6.458352E-2,1.5407703E-3,5.7044406E-3,-2.8353572E-2,-2.6604936E-2,6.498139E-3,-1.2673116E-1,-5.5691063E-2,6.2920205E-2,-2.6963497E-2,-4.7011772E-4,1.6813754E-1,7.959675E-2,-1.1924124E-2,-9.583498E-2,-1.9077428E-2],"categories":[],"categories_nodes":[],"categories_segments":[],"categories_sizes":[],"default_left":[0,0,0,0,0,0,0,0,0,0,0,0,0,0,0,0,0,0,0,0,0,0,0,0,0,0,0,0,0,0,0,0,0,0,0,0,0,0,0,0,0,0,0,0,0,0,0,0,0,0,0,0,0,0,0,0,0,0,0,0,0,0,0,0,0,0,0,0,0,0,0,0,0,0,0,0,0,0,0,0,0,0,0,0,0,0,0,0,0,0,0,0,0,0,0,0,0,0,0],"id":1,"left_children":[1,3,5,7,9,11,13,15,-1,17,19,21,23,25,27,29,31,-1,33,35,37,39,41,43,45,47,49,51,53,55,57,59,61,-1,-1,63,-1,65,67,69,-1,71,73,75,77,79,81,83,85,87,89,91,93,95,97,-1,-1,-1,-1,-1,-1,-1,-1,-1,-1,-1,-1,-1,-1,-1,-1,-1,-1,-1,-1,-1,-1,-1,-1,-1,-1,-1,-1,-1,-1,-1,-1,-1,-1,-1,-1,-1,-1,-1,-1,-1,-1,-1,-1],"loss_changes":[1.1104639E1,5.3726807E0,7.483667E0,5.5679073E0,3.2149138E0,6.6769447E0,5.4359627E0,4.1474514E0,0E0,4.699142E-1,1.4334517E0,7.7946258E0,8.794502E0,5.480789E0,6.0449686E0,4.058401E0,3.6567898E0,0E0,1.03550196E-1,4.005221E-1,8.5017896E-1,4.2930646E0,5.6762066E0,9.403359E0,7.212876E0,1.354206E0,1.1889257E0,3.9822617E0,4.4665885E0,1.8716836E-1,1.0727129E0,1.6314493E0,3.2187042E0,0E0,0E0,1.939483E-3,0E0,2.1288276E-2,1.0831866E-1,2.302679E0,0E0,3.5640001E0,5.2861114E0,6.5655355E0,6.837963E0,7.24214E0,8.703715E0,1.6880324E0,2.1733297E-1,1.5224354E-1,1.4042568E-1,3.1909752E0,4.4345226E0,1.6909306E0,8.010626E-1,0E0,0E0,0E0,0E0,0E0,0E0,0E0,0E0,0E0,0E0,0E0,0E0,0E0,0E0,0E0,0E0,0E0,0E0,0E0,0E0,0E0,0E0,0E0,0E0,0E0,0E0,0E0,0E0,0E0,0E0,0E0,0E0,0E0,0E0,0E0,0E0,0E0,0E0,0E0,0E0,0E0,0E0,0E0,0E0],